plateid, locationid, ra, dec, apgver, vdone, vplan, SN, history
9452, 5210, 132.5513, 11.8568, -100, 1, 1, 0, 58115,
9458, 5212, 103.9501, -29.3939, -100, 1, 1, 0, 57830,
9459, 5213, 154.1282, -46.5232, -100, 2, 1, 0, 57832,57831,
9461, 5228, 78.5258, -62.5661, -100, 1, 1, 0, 58917,
9462, 5229, 78.2882, -40.0658, -100, 1, 1, 0, 58095,
9463, 5230, 84.0895, -69.1133, -100, 1, 1, 0, 57832,
9464, 5231, 164.0502, -84.8977, -100, 3, 1, 0, 58213,58590,58116,
9465, 5232, 192.1895, 12.1748, -100, 3, 1, 0, 57877,57829,57833,
9466, 5196, 335.6682, 50.1296, 110, 3, 3, 0, 57708,57737,57734,
9635, 5277, 82.4573, -45.0473, -200, 1, 1, 0, 58894,
9637, 5279, 127.4461, -45.0165, -100, 1, 1, 0, 58213,
9639, 5280, 150.0347, -30.0259, -100, 1, 1, 0, 57830,
9640, 5281, 75.0688, 9.9685, -100, 1, 1, 0, 58862,
9641, 5282, 135.0929, -59.9748, -100, 2, 1, 0, 58214,58210,
9645, 5286, 105.2894, -79.9938, -100, 1, 1, 0, 58152,
9646, 5287, 127.0761, -84.94, -100, 3, 1, 0, 58893,58448,58214,
9650, 5289, 59.9503, -69.9855, -100, 1, 1, 0, 58211,
9651, 5290, 97.6414, -70.0388, -100, 1, 1, 0, 58211,
9658, 5276, 226.5831, 36.6831, 111, 5, 6, 0, 57827,57849,57831,57822,57794,
9694, 5252, 138.3114, -48.2096, 211, 3, 3, 0, 58117,58120,58151,
9695, 5252, 138.3114, -48.2096, 321, 3, 3, 0, 58153,58121,58178,
9696, 5252, 138.3114, -48.2096, 421, 3, 3, 0, 58182,58179,58153,
9697, 5252, 138.3114, -48.2096, 531, 3, 3, 0, 58183,58180,58155,
9698, 5252, 138.3114, -48.2096, 631, 3, 3, 0, 57829,58154,57850,
9699, 5253, 229.9305, -42.738, 110, 3, 3, 0, 58660,57854,58657,
9700, 5253, 229.9305, -42.738, 210, 3, 3, 0, 58658,57882,57849,
9701, 5254, 182.0334, -74.6179, 110, 5, 3, 0, 57881,57943,57916,58154,57913,
9702, 5254, 182.0334, -74.6179, 210, 4, 3, 0, 58155,57944,58209,57942,
9703, 5255, 149.1183, -39.5005, 110, 3, 3, 0, 58122,57851,58151,
9704, 5255, 149.1183, -39.5005, 210, 3, 3, 0, 58181,58152,58155,
9705, 5256, 122.5192, -55.6822, 110, 3, 3, 0, 57854,57882,58096,
9706, 5256, 122.5192, -55.6822, 210, 3, 3, 0, 58115,58118,57851,
9707, 5257, 126.9551, -17.4504, 100, 3, 3, 0, 58150,58120,58117,
9708, 5212, 103.9501, -29.3939, 100, 3, 3, 0, 58117,58120,58150,
9709, 5258, 97.2254, -16.1813, 100, 3, 3, 0, 58120,58150,58117,
9710, 5259, 157.0004, -50.6397, 110, 3, 3, 0, 57915,58119,57851,
9711, 5260, 207.3688, -56.0367, 110, 3, 3, 0, 57853,57851,57945,
9712, 5260, 207.3688, -56.0367, 210, 3, 3, 0, 58213,58236,58210,
9713, 5261, 213.9209, -67.5671, 110, 3, 3, 0, 57917,57852,57877,
9714, 5262, 205.0701, -50.2668, 110, 3, 3, 0, 58211,57854,57850,
9715, 5263, 214.1081, -48.6298, 100, 4, 3, 0, 57833,57940,57852,57855,
9716, 5264, 236.0161, -54.9868, 110, 3, 3, 0, 57917,57850,57853,
9718, 5265, 241.0415, -44.6195, 110, 3, 3, 0, 57855,57831,57849,
9719, 5266, 182.2801, -50.1554, 110, 3, 3, 0, 57855,57850,58152,
9720, 5267, 168.4825, -73.464, 110, 4, 3, 0, 58118,57882,57852,57917,
9721, 5268, 230.2479, -49.9288, 110, 3, 3, 0, 57877,57851,57942,
9722, 5269, 245.5878, -41.2998, 110, 3, 3, 0, 57944,57941,57915,
9723, 5269, 245.5878, -41.2998, 210, 4, 3, 0, 57918,57852,57945,57942,
9724, 5269, 245.5878, -41.2998, 320, 3, 3, 0, 57943,57854,58358,
9725, 5180, 208.8178, 33.0428, 421, 6, 6, 0, 57884,57909,
9732, 5301, 283.75524, -30.45462, -100, 1, 1, 0, 57877,
9733, 5229, 78.28821, -40.06581, 110, 4, 3, 0, 57973,58030,58117,58120,
9734, 5229, 78.28821, -40.06581, 210, 3, 3, 0, 58121,58151,58118,
9735, 5294, 81.06153, -24.36794, 110, 5, 3, 0, 58028,58025,58033,58031,57974,
9736, 5294, 81.06153, -24.36794, 210, 4, 3, 0, 58060,57972,58026,58057,
9737, 5295, 138.6144, -65.05472, 110, 4, 3, 0, 58095,58090,57852,57856,
9738, 5295, 138.6144, -65.05472, 210, 3, 3, 0, 58118,58150,58122,
9739, 5296, 154.42839, -46.12459, 110, 3, 3, 0, 58091,58094,57854,
9740, 5296, 154.42839, -46.12459, 210, 3, 3, 0, 58092,58095,58121,
9741, 5297, 190.1829, -26.83075, 110, 3, 3, 0, 57856,58211,58153,
9742, 5297, 190.1829, -26.83075, 210, 3, 3, 0, 57851,58214,58236,
9743, 5298, 245.94395, -26.22634, 110, 2, 1, 0, 57850,57854,
9744, 5298, 245.94395, -26.22634, 210, 1, 1, 0, 57944,
9745, 5298, 245.94395, -26.22634, 310, 1, 1, 0, 58919,
9746, 5299, 253.99394, -4.1099, 110, 1, 1, 0, 57971,
9747, 5299, 253.99394, -4.1099, 210, 1, 1, 0, 57972,
9748, 5299, 253.99394, -4.1099, 310, 2, 1, 0, 57855,57973,
9749, 5300, 251.93784, -2.15107, 110, 1, 1, 0, 57851,
9750, 5300, 251.93784, -2.15107, 210, 1, 1, 0, 57855,
9751, 5300, 251.93784, -2.15107, 310, 1, 1, 0, 57914,
9752, 5302, 161.00154, -59.87431, 100, 1, 1, 0, 59202,
9753, 5303, 198.50234, -62.88459, 100, 1, 2, 0, 57859,
9758, 5306, 170.68516, 2.00739, 100, 1, 1, 0, 57878,
9759, 5307, 173.49581, -0.93585, 100, 1, 1, 0, 57878,
9761, 5309, 252.81706, -24.97001, 100, 1, 1, 0, 57878,
9762, 5310, 243.27255, -25.50334, 100, 1, 1, 0, 57878,
9763, 5311, 243.31338, -19.83822, 100, 1, 1, 0, 57878,
9764, 5312, 177.73762, 6.33028, 100, 1, 1, 0, 59224,
9772, 5276, 226.5831, 36.6831, 321, 6, 6, 0, 57850,57829,57832,57855,57858,57853,
9782, 5332, 241.41994, -19.95871, 100, 2, 2, 0, 58177,58176,
9783, 5333, 243.44445, -23.05825, 100, 1, 2, 0, 58560,
9785, 5324, 263.98424, -45.02141, 110, 1, 3, 0, 58714,
9786, 5324, 263.98424, -45.02141, 210, 1, 3, 0, 57881,
9787, 5325, 264.75766, -53.82196, 110, 3, 3, 0, 57971,57941,57877,
9788, 5325, 264.75766, -53.82196, 210, 3, 3, 0, 58356,57942,57945,
9789, 5325, 264.75766, -53.82196, 310, 3, 3, 0, 58357,58382,58385,
9795, 5328, 288.07457, -60.20822, 110, 5, 3, 0, 57942,57914,57973,57945,57941,
9796, 5328, 288.07457, -60.20822, 210, 4, 3, 0, 57915,57881,57944,57943,
9797, 5329, 294.71252, -30.93939, 110, 2, 1, 0, 57914,57944,
9798, 5329, 294.71252, -30.93939, 210, 1, 1, 0, 57916,
9799, 5329, 294.71252, -30.93939, 310, 2, 1, 0, 57938,57945,
9800, 5190, 284.6302, -9.7765, 420, 3, 3, 0, 57941,57909,57918,
9810, 5336, 278.83027, -34.57542, 110, 7, 9, 0, 58353,58350,58329,58324,58356,57972,58296,
9811, 5337, 261.21259, -14.12207, 100, 3, 3, 0, 57973,57970,58178,
9812, 5338, 283.58947, -25.70741, 100, 4, 3, 0, 58054,58356,58293,57972,
9813, 5339, 263.78476, -10.08623, 100, 3, 3, 0, 57974,57915,57970,
9814, 5340, 285.8607, -21.36227, 100, 3, 3, 0, 58028,57974,57972,
9815, 5341, 264.33615, -4.6181, 100, 3, 3, 0, 58357,58354,58561,
9816, 5342, 289.96613, -17.64115, 100, 3, 3, 0, 58324,57974,58294,
9817, 5343, 282.37016, -14.28044, 110, 3, 3, 0, 58349,58386,58354,
9818, 5344, 287.9277, -16.82108, 110, 3, 3, 0, 58331,58296,58348,
9819, 5345, 266.8265, -0.59348, 100, 4, 3, 0, 57975,58351,58354,58383,
9820, 5346, 291.9816, -13.33201, 100, 3, 3, 0, 57972,57968,58029,
9821, 5347, 270.43046, -2.4173, 100, 4, 3, 0, 58355,57968,57913,58566,
9822, 5348, 180.43181, -56.21144, 110, 4, 3, 0, 58151,58209,58154,58185,
9823, 5349, 174.23711, -67.88013, 110, 3, 3, 0, 58122,58115,57914,
9824, 5350, 221.06348, -73.06175, 110, 3, 3, 0, 58296,58299,57914,
9825, 5351, 225.67617, -44.99249, 110, 3, 3, 0, 58887,57915,57918,
9826, 5352, 243.10736, -59.69686, 110, 3, 3, 0, 57913,57974,58351,
9827, 5353, 252.35799, -63.5813, 110, 4, 3, 0, 57974,57913,57971,57916,
9828, 5354, 257.29468, -60.47323, 110, 3, 3, 0, 58324,58299,57914,
9829, 5355, 235.6625, -40.11571, 110, 1, 3, 0, 57916,
9830, 5356, 262.36727, -56.32082, 110, 3, 3, 0, 58352,58355,57915,
9831, 5369, 240.29093, -36.88303, 110, 3, 3, 0, 58627,57916,58620,
9832, 5357, 263.91882, -51.19541, 110, 3, 3, 0, 58594,58616,58358,
9833, 5358, 266.79256, -52.14124, 100, 3, 3, 0, 57914,57942,57917,
9834, 5359, 269.6634, -53.00995, 100, 3, 3, 0, 58384,58356,57945,
9836, 5361, 270.30586, -47.88549, 100, 5, 3, 0, 57945,57970,57916,57913,57941,
9837, 5362, 248.55509, -29.87246, 100, 3, 3, 0, 58178,57970,57973,
9838, 5370, 273.48528, -43.44287, 100, 4, 3, 0, 57944,57974,57971,57915,
9839, 5363, 266.3574, -28.9408, 100, 2, 2, 0, 58322,58323,
9840, 5363, 266.3574, -28.9408, 200, 1, 1, 0, 58322,
9841, 5363, 266.3574, -28.9408, 300, 1, 1, 0, 58323,
9843, 5364, 267.6317, -27.2567, 100, 1, 1, 0, 58323,
9845, 5365, 265.3143, -30.6902, 100, 2, 1, 0, 58322,58323,
9848, 5367, 264.0439, -32.3227, 100, 1, 1, 0, 58323,
9850, 5306, 170.68516, 2.00739, 200, 2, 2, 0, 58263,58243,
9851, 5371, 239.67572, -20.82587, 100, 2, 2, 0, 58176,58243,
9852, 5372, 241.88487, -21.62161, 100, 1, 2, 0, 58243,
9853, 5373, 243.06181, -25.09276, 100, 1, 2, 0, 58243,
9855, 5317, 245.54079, -22.16975, 200, 1, 2, 0, 58243,
9856, 5375, 347.16362, -4.77905, 100, 3, 2, 0, 57973,57942,57943,
9857, 5132, 271.5123, -8.6512, 420, 3, 3, 0, 57908,57889,57916,
9898, 5379, 263.01671, -27.23674, 100, 1, 1, 0, 57946,
9900, 5380, 270.68111, -29.53637, 100, 2, 1, 0, 57946,58057,
9903, 5382, 269.68576, -28.40046, 100, 1, 1, 0, 58055,
9904, 5383, 265.41505, -25.97216, 100, 1, 1, 0, 57946,
9905, 5384, 334.05053, -12.66286, 100, 1, 1, 0, 57971,
9906, 5385, 332.28341, -10.52563, 100, 2, 1, 0, 57972,57949,
9907, 5386, 338.40011, -13.42023, 100, 2, 1, 0, 57949,57970,
9908, 5387, 338.74746, -9.2412, 100, 1, 1, 0, 57948,
9910, 5389, 19.57504, 10.88592, 100, 1, 1, 0, 57947,
9912, 5391, 263.12945, -29.57531, 100, 1, 1, 0, 57946,
9914, 5393, 262.2062, -28.0503, 100, 1, 1, 0, 57946,
9916, 5394, 267.85267, -29.96302, 100, 1, 1, 0, 58348,
9917, 5395, 269.21975, -30.28666, 100, 1, 1, 0, 58626,
9918, 5396, 270.07546, -31.44379, 100, 1, 1, 0, 58349,
9919, 5397, 264.75666, -27.72074, 100, 2, 1, 0, 57948,58293,
9921, 5398, 263.42761, -26.75406, 100, 2, 1, 0, 58264,
9922, 5398, 263.42761, -26.75406, 100, 2, 1, 0, 57949,
9923, 5399, 261.56325, -26.01918, 100, 3, 1, 0, 57949,58264,
9924, 5399, 261.56325, -26.01918, 100, 3, 1, 0, 57949,
9925, 5400, 268.45074, -28.6885, 100, 1, 1, 0, 57948,
9926, 5401, 268.45534, -29.38715, 100, 2, 1, 0, 58772,58626,
9927, 5402, 270.68123, -30.04788, 100, 2, 1, 0, 57948,57949,
9928, 5403, 271.93294, -31.10135, 100, 1, 1, 0, 58264,
9930, 5404, 269.74069, -28.90115, 100, 1, 1, 0, 57948,
9932, 5405, 271.9741, -29.7303, 100, 1, 1, 0, 57949,
9933, 5406, 273.11111, -30.01389, 100, 2, 1, 0, 58030,
9934, 5406, 273.11111, -30.01389, 100, 2, 1, 0, 57948,
9935, 5407, 265.74965, -26.79905, 100, 1, 1, 0, 58292,
9936, 5408, 269.65287, -27.52078, 100, 1, 1, 0, 58626,
9938, 5410, 271.08098, -28.43041, 100, 1, 1, 0, 58263,
9940, 5411, 273.02056, -28.23309, 100, 2, 1, 0, 58626,
9941, 5411, 273.02056, -28.23309, 100, 2, 1, 0, 58059,
9944, 5414, 270.66259, -26.47925, 100, 1, 1, 0, 58262,
9949, 5417, 264.10876, -23.61515, 100, 1, 1, 0, 58262,
9950, 5418, 271.82117, -26.35718, 100, 2, 1, 0, 57949,
9951, 5418, 271.82117, -26.35718, 100, 2, 1, 0, 58261,
9953, 5420, 266.00071, -23.04741, 100, 1, 1, 0, 58264,
9954, 5421, 264.96537, -21.82017, 100, 1, 1, 0, 58261,
9955, 5422, 266.54685, -21.59674, 100, 1, 1, 0, 58263,
9956, 5423, 268.37288, -21.76855, 100, 2, 1, 0, 58261,
9958, 5425, 266.70848, -33.8264, 100, 1, 1, 0, 58292,
9959, 5426, 268.08342, -34.97442, 100, 2, 1, 0, 58262,
9960, 5427, 270.10442, -34.78623, 100, 1, 1, 0, 58264,
9961, 5428, 267.23711, -32.65933, 100, 1, 1, 0, 58348,
9963, 5430, 261.82861, -29.51366, 100, 3, 1, 0, 58293,58292,
9964, 5430, 261.82861, -29.51366, 100, 3, 1, 0, 58320,
9965, 5431, 268.7023, -32.11537, 100, 1, 1, 0, 58349,
9966, 5432, 270.19907, -33.1188, 100, 1, 1, 0, 58348,
9967, 5433, 263.28265, -29.7714, 100, 1, 1, 0, 57948,
9969, 5434, 268.03385, -31.05339, 100, 1, 1, 0, 58349,
9971, 5435, 264.16095, -28.99458, 100, 1, 1, 0, 58261,
9972, 5436, 262.69898, -28.49253, 100, 2, 1, 0, 57948,
9973, 5436, 262.69898, -28.49253, 100, 2, 1, 0, 58292,
9974, 5437, 282.89062, 0.0606, 100, 1, 1, 0, 57915,
9988, 5442, 270.34906, -26.97817, 100, 1, 1, 0, 58032,
9989, 5443, 262.78281, -37.89166, 100, 1, 1, 0, 58177,
9991, 5445, 288.96375, -16.29974, 100, 2, 1, 0, 58031,58033,
9992, 5446, 335.61122, -4.43319, 100, 2, 1, 0, 58029,58030,
9993, 5447, 336.09974, -14.99134, 100, 1, 1, 0, 58032,
9994, 5448, 334.45942, -9.74196, 100, 2, 1, 0, 58031,58033,
9995, 5449, 333.60098, -16.60937, 100, 1, 1, 0, 58033,
9996, 5450, 340.41275, -15.61946, 100, 1, 1, 0, 58026,
9997, 5451, 330.27157, -11.72723, 100, 3, 1, 0, 58028,58052,58026,
9998, 5452, 22.77711, 6.61948, 100, 1, 1, 0, 58063,
9999, 5453, 14.42229, 8.21036, 100, 1, 1, 0, 58033,
10001, 2284, 134.413574219, 57.6042137146, 100, 2, 1, 0, 57373,57372,
10005, 5455, 60.07968, 22.10445, 100, 2, 1, 0, 58505,58502,
10007, 5457, 60.34679, 16.14995, 100, 1, 1, 0, 58032,
10008, 5001, 289.5332, 50.8338, 200, 2, 1, 0, 57936,57938,
10033, 5460, 337.95648, -17.50931, 100, 1, 1, 0, 58032,
10034, 5461, 335.9431, -11.96321, 100, 4, 1, 0, 58061,58060,58056,58059,
10035, 5462, 336.53707, -7.62208, 100, 4, 1, 0, 58055,58053,58062,58054,
10036, 5463, 11.24734, 2.2523, 100, 2, 1, 0, 58032,58057,
10037, 5464, 12.92467, 10.18595, 100, 1, 1, 0, 58029,
10038, 5465, 18.91586, 7.29296, 100, 2, 1, 0, 58031,58805,
10039, 5466, 14.40217, 3.61802, 100, 2, 1, 0, 58063,58062,
10040, 5454, 64.24829, 14.58294, 200, 1, 1, 0, 59201,
10041, 5467, 60.10178, 15.77055, 100, 1, 1, 0, 58355,
10042, 5468, 271.44705, -25.61059, 110, 2, 1, 0, 58712,58026,
10043, 5468, 271.44705, -25.61059, 210, 2, 1, 0, 58713,58212,
10044, 5468, 271.44705, -25.61059, 310, 3, 1, 0, 58238,58240,58236,
10045, 5468, 271.44705, -25.61059, 420, 1, 1, 0, 58265,
10046, 5468, 271.44705, -25.61059, 520, 2, 1, 0, 58271,58272,
10047, 5468, 271.44705, -25.61059, 620, 1, 1, 0, 58274,
10048, 5469, 288.18282, -11.55034, 110, 3, 1, 0, 58657,58617,58025,
10049, 5470, 271.82578, -20.26189, 110, 2, 1, 0, 58029,58708,
10050, 5470, 271.82578, -20.26189, 210, 2, 1, 0, 58207,58206,
10051, 5470, 271.82578, -20.26189, 310, 2, 1, 0, 58235,58210,
10052, 5471, 274.6006, -32.75823, 110, 9, 9, 0, 58272,58053,58241,58275,58298,58295,58030,58292,58027,
10053, 5361, 270.30586, -47.88549, 200, 3, 3, 0, 58208,58211,58027,
10054, 5472, 270.93959, -29.40852, 110, 2, 1, 0, 58213,58712,
10055, 5472, 270.93959, -29.40852, 210, 3, 1, 0, 58713,58236,58235,
10056, 5472, 270.93959, -29.40852, 310, 1, 1, 0, 58273,
10057, 5473, 115.99918, -24.22684, 100, 3, 3, 0, 58028,58060,58055,
10058, 5473, 115.99918, -24.22684, 200, 3, 3, 0, 58094,58056,58091,
10059, 5474, 108.65844, -10.5482, 100, 5, 3, 0, 58058,58090,58027,58030,58054,
10060, 5475, 122.81875, -33.14427, 110, 5, 3, 0, 58055,58032,58052,58025,58062,
10061, 5475, 122.81875, -33.14427, 210, 4, 3, 0, 58089,58053,58063,58033,
10062, 5476, 119.79518, -22.09431, 100, 3, 3, 0, 58053,58057,58089,
10063, 5477, 111.79851, -25.92839, 100, 3, 3, 0, 58092,58061,58029,
10064, 5481, 62.57574, -71.9496, 100, 2, 3, 0, 58054,58058,
10065, 5482, 62.59437, -68.44995, 100, 3, 3, 0, 58032,58055,58029,
10066, 5483, 71.52181, -75.33295, 100, 5, 9, 0, 58055,58061,58052,58058,58027,
10067, 5484, 73.18395, -68.80377, 100, 2, 3, 0, 58056,58053,
10068, 5485, 73.91166, -71.30492, 100, 1, 6, 0, 58031,
10069, 5486, 77.76021, -65.67992, 100, 3, 3, 0, 58031,58054,58028,
10070, 5228, 78.5258, -62.5661, 100, 2, 3, 0, 58059,58063,
10071, 5487, 79.93246, -72.81782, 100, 5, 3, 0, 58061,58052,58026,58057,58029,
10073, 5489, 82.84366, -76.16799, 100, 2, 3, 0, 58060,58055,
10074, 5490, 85.37926, -63.57865, 100, 2, 3, 0, 58063,58056,
10080, 5496, 98.19632, -70.30972, 100, 1, 9, 0, 58062,
10081, 5497, 5.07043, -77.22261, 100, 5, 12, 0, 58025,58061,58028,58053,58056,
10082, 5498, 10.49422, -67.75707, 100, 3, 3, 0, 58052,58024,58027,
10083, 5499, 11.25066, -73.22922, 100, 4, 3, 0, 58054,58028,58057,58025,
10084, 5500, 16.98435, -75.59318, 100, 6, 6, 0, 58058,58033,58061,58030,58026,58055,
10085, 5501, 20.17171, -73.08001, 100, 3, 12, 0, 58027,58056,58059,
10086, 5502, 24.62484, -71.15311, 100, 3, 3, 0, 58052,58024,58057,
10087, 5503, 31.84894, -73.40826, 100, 5, 12, 0, 58062,58030,58027,58058,58053,
10088, 5478, 11.0, 41.25, 110, 10, 10, 0, 58055,58086,58114,58087,58063,58058,58061,58083,58091,
10104, 5505, 62.59437, -68.44995, 100, 9, 9, 0, 58448,58442,58119,58094,58417,58115,58481,58384,58445,
10105, 5506, 71.52181, -75.33295, 100, 9, 9, 0, 58093,58153,58096,58114,
10106, 5506, 71.52181, -75.33295, 100, 9, 9, 0, 58119,58441,58385,58419,58416,
10107, 5507, 73.18395, -68.80377, 100, 9, 9, 0, 58472,58475,58448,58383,58445,58116,58358,58442,58386,
10108, 5508, 73.91166, -71.30492, 100, 9, 9, 0, 58121,58155,58118,58417,58475,58115,58471,58441,
10109, 5508, 73.91166, -71.30492, 100, 9, 9, 0, 58092,
10110, 5509, 77.76021, -65.67992, 100, 9, 9, 0, 58353,58443,58382,58385,58356,58417,58115,58447,58414,
10111, 5510, 78.5258, -62.5661, 100, 9, 9, 0, 58444,58501,58448,58418,58479,58116,58471,58474,58415,
10112, 5511, 79.93246, -72.81782, 100, 9, 9, 0, 58357,58766,58351,58093,58114,58381,58096,58122,58354,
10113, 5512, 80.6011, -69.7103, 100, 9, 9, 0, 58092,58447,58507,58122,58800,58894,58500,58444,58479,
10114, 5513, 82.84366, -76.16799, 100, 9, 9, 0, 58447,58444,58092,58472,58095,58481,58415,58151,58154,
10115, 5514, 85.37926, -63.57865, 100, 9, 9, 0, 58859,58418,58767,58508,58481,58823,58805,58827,58800,
10116, 5515, 86.19716, -60.39283, 100, 9, 9, 0, 58802,58154,58500,58509,58475,58799,58479,58093,58444,
10117, 5516, 86.5236, -67.7097, 100, 9, 9, 0, 58476,58384,58416,58116,58442,58419,58473,58446,58119,
10118, 5517, 88.33804, -70.97048, 100, 9, 9, 0, 58114,58153,58095,58184,58448,58468,58416,58419,58472,
10119, 5518, 92.12778, -63.59827, 100, 9, 9, 0, 58508,58825,58445,58860,58863,58801,58480,58828,58501,
10120, 5519, 98.07207, -75.18425, 100, 9, 9, 0, 58155,58116,58442,58185,58473,58096,58446,58122,58119,
10121, 5520, 98.19632, -70.30972, 100, 10, 9, 0, 58152,58121,58445,
10122, 5520, 98.19632, -70.30972, 100, 10, 9, 0, 58094,58152,58155,58091,58182,58179,58385,
10123, 5521, 5.07043, -77.22261, 100, 13, 12, 0, 58358,58350,58414,58322,58355,58446,58089,58092,58419,58677,
10124, 5522, 10.49422, -67.75707, 100, 13, 12, 0, 58329,58355,58417,58382,58385,58411,58414,58358,58349,58352,
10125, 5522, 10.49422, -67.75707, 100, 13, 12, 0, 58441,58444,58094,
10126, 5523, 11.25066, -73.22922, 100, 12, 12, 0, 58324,58090,58093,58096,58447,
10127, 5524, 16.98435, -75.59318, 100, 12, 12, 0, 58709,58382,58682,58416,58712,58706,58445,58386,58356,58351,58442,58766,
10128, 5525, 20.17171, -73.08001, 100, 12, 12, 0, 58418,58710,58713,58357,58707,58683,58090,58446,58354,58383,58443,58414,
10129, 5526, 24.62484, -71.15311, 100, 12, 12, 0, 58447,58766,58475,58415,58382,58714,58472,58706,58419,58092,58358,58355,
10130, 5527, 31.84894, -73.40826, 100, 12, 12, 0, 58416,58446,58114,58473,58096,58480,58093,58386,58476,58441,58356,58383,
10131, 5528, 5.99046, -72.31605, 111, 4, 3, 0, 58291,58384,58294,58322,
10132, 5528, 5.99046, -72.31605, 211, 3, 3, 0, 58292,58295,58323,
10133, 5528, 5.99046, -72.31605, 321, 3, 3, 0, 58297,58353,58356,
10134, 5528, 5.99046, -72.31605, 421, 3, 3, 0, 58419,58416,58298,
10135, 5528, 5.99046, -72.31605, 531, 3, 3, 0, 58417,58443,58440,
10136, 5528, 5.99046, -72.31605, 631, 3, 3, 0, 58444,58441,58418,
10137, 5529, 14.38745, -71.09453, 111, 3, 3, 0, 58295,58095,58298,
10138, 5529, 14.38745, -71.09453, 211, 6, 3, 0, 58352,58328,58296,58353,
10139, 5529, 14.38745, -71.09453, 321, 3, 3, 0, 58329,58357,58297,
10140, 5529, 14.38745, -71.09453, 421, 3, 3, 0, 58385,58660,58675,
10141, 2431, 55.910158, 68.438936, 111, 2, 1, 0, 58049,58048,
10152, 5530, 270.30444, -30.97792, 210, 1, 1, 0, 58211,
10153, 5530, 270.30444, -30.97792, 310, 1, 1, 0, 58212,
10154, 5531, 262.96645, -27.32352, 110, 2, 1, 0, 58644,58655,
10155, 5531, 262.96645, -27.32352, 210, 2, 1, 0, 58657,58656,
10157, 5335, 259.00143, -24.40108, 210, 3, 9, 0, 58297,58920,58329,
10158, 5532, 272.42698, -14.87425, 110, 2, 1, 0, 58656,58295,
10159, 5533, 259.81492, -37.35921, 110, 2, 1, 0, 58590,58179,
10160, 5533, 259.81492, -37.35921, 210, 2, 1, 0, 58180,58591,
10161, 5533, 259.81492, -37.35921, 310, 2, 1, 0, 58918,58181,
10162, 5534, 266.50384, -29.08085, 110, 2, 1, 0, 58657,58658,
10163, 5534, 266.50384, -29.08085, 210, 2, 1, 0, 58683,58676,
10164, 5534, 266.50384, -29.08085, 310, 3, 1, 0, 58922,58921,58923,
10166, 5535, 273.60524, -17.81363, 100, 3, 3, 0, 58298,58328,58331,
10167, 5536, 277.04935, -11.65631, 110, 2, 1, 0, 58618,58241,
10168, 5536, 277.04935, -11.65631, 210, 3, 1, 0, 58619,58621,58275,
10169, 5536, 277.04935, -11.65631, 310, 2, 1, 0, 58294,58923,
10173, 5537, 125.24804, -36.59963, 100, 3, 3, 0, 58114,58118,58151,
10174, 5538, 157.78603, -58.04926, 100, 3, 3, 0, 58117,58145,58114,
10175, 5539, 185.62926, -66.55713, 110, 3, 3, 0, 58153,58150,58178,
10176, 5540, 186.17297, -62.85627, 111, 4, 3, 0, 58154,58151,58181,58185,
10177, 5540, 186.17297, -62.85627, 211, 3, 3, 0, 58153,58207,58182,
10178, 5540, 186.17297, -62.85627, 321, 4, 3, 0, 58155,58236,58208,58211,
10179, 5540, 186.17297, -62.85627, 421, 3, 3, 0, 58212,58209,58237,
10180, 5540, 186.17297, -62.85627, 531, 3, 3, 0, 58504,58213,58210,
10181, 5540, 186.17297, -62.85627, 631, 3, 3, 0, 58505,58508,58563,
10183, 5541, 187.37319, -58.40774, 110, 3, 3, 0, 58177,58152,58150,
10184, 5542, 209.90918, -61.72333, 110, 3, 3, 0, 58236,58210,58214,
10185, 5543, 221.62707, -59.77964, 100, 3, 3, 0, 58689,58677,58657,
10194, 5545, 251.81166, -45.1751, 110, 2, 1, 0, 58591,58212,
10195, 5545, 251.81166, -45.1751, 210, 2, 1, 0, 58213,58592,
10196, 5545, 251.81166, -45.1751, 310, 1, 1, 0, 58214,
10197, 5546, 256.22182, -41.59851, 110, 2, 1, 0, 58214,58617,
10198, 5546, 256.22182, -41.59851, 210, 2, 1, 0, 58241,58618,
10199, 5546, 256.22182, -41.59851, 310, 2, 1, 0, 58298,58271,
10200, 5547, 268.92573, -32.86201, 110, 2, 1, 0, 58181,58182,
10201, 5548, 269.01834, -24.60461, 110, 2, 1, 0, 58562,58206,
10202, 5548, 269.01834, -24.60461, 210, 2, 1, 0, 58207,58594,
10203, 5548, 269.01834, -24.60461, 310, 2, 1, 0, 58235,58209,
10204, 5549, 263.6126, -33.32952, 110, 2, 1, 0, 58236,58618,
10205, 5549, 263.6126, -33.32952, 210, 2, 1, 0, 58240,58619,
10206, 5549, 263.6126, -33.32952, 310, 2, 1, 0, 58274,58299,
10207, 5214, 100.83523, -51.09979, 100, 23, 24, 0, 59151,58916,58892,59158,58889,59155,59231,58919,59157,
10208, 5214, 100.83523, -51.09979, 100, 23, 24, 0, 58209,58913,58154,58923,59224,59223,58922,
10209, 5214, 100.83523, -51.09979, 100, 23, 24, 0, 59234,59198,58236,59235,58215,58185,58212,
10210, 5550, 15.2207, -33.68896, 100, 25, 24, 0, 58290,58328,58296,58354,58357,58351,58445,58293,58297,58324,58321,58442,
10211, 5550, 15.2207, -33.68896, 100, 25, 24, 0, 58381,58415,58412,58384,58439,58448,
10212, 5550, 15.2207, -33.68896, 100, 25, 24, 0, 58418,58479,58471,58474,58773,58348,58827,
10213, 2466, 122.76455688476562, 42.98515319824219, 100, 5, 1, 0, 58080,
10278, 5553, 76.21948, -68.90035, 100, 5, 3, 0, 59187,58123,59229,
10279, 5554, 80.82827, -69.42734, 100, 2, 3, 0, 58124,
10280, 5554, 80.82827, -69.42734, 100, 2, 3, 0, 58124,
10281, 5555, 72.68382, -69.83139, 100, 2, 3, 0, 58124,59194,
10282, 5556, 75.36352, -67.10529, 100, 2, 3, 0, 58123,59194,
10283, 5557, 75.36262, -70.67383, 100, 2, 3, 0, 58503,58145,
10284, 5558, 84.85724, -69.19339, 100, 2, 3, 0, 58145,59194,
10294, 5559, 168.69538, -61.26687, 100, 5, 3, 0, 58148,58146,58147,58149,
10295, 5559, 168.69538, -61.26687, 100, 5, 3, 0, 58148,
10297, 5560, 164.29006, -60.84545, 100, 1, 1, 0, 58147,
10298, 5561, 154.3058, -57.86093, 100, 1, 1, 0, 58147,
10300, 5016, 292.7707, 42.0902, 400, 2, 1, 0, 58280,58281,
10307, 5563, 97.53255, -76.44244, 100, 1, 1, 0, 58147,
10308, 5564, 90.21366, -76.43637, 100, 1, 1, 0, 58149,
10309, 5565, 82.0992, -76.43184, 100, 1, 1, 0, 58148,
10310, 5566, 74.77169, -76.40015, 100, 1, 1, 0, 58147,
10311, 5567, 94.59949, -78.13666, 100, 1, 1, 0, 58412,
10312, 5568, 85.31918, -78.0966, 100, 2, 1, 0, 58176,58146,
10313, 5569, 62.65405, -64.91033, 100, 1, 1, 0, 58149,
10314, 5570, 62.64751, -66.6196, 100, 1, 1, 0, 58148,
10315, 5571, 63.17568, -68.14312, 100, 1, 1, 0, 58412,
10316, 5572, 64.1929, -69.72678, 100, 1, 1, 0, 58412,
10317, 5573, 58.46223, -69.92683, 100, 1, 1, 0, 58146,
10318, 5574, 58.93009, -71.5324, 100, 1, 1, 0, 58411,
10320, 5575, 114.60567, -73.17222, 100, 2, 2, 0, 58148,58146,
10321, 5576, 71.13617, -73.03626, 100, 1, 1, 0, 58439,
10322, 5577, 65.09252, -73.11933, 100, 1, 1, 0, 58440,
10323, 5578, 72.73676, -74.98036, 100, 1, 1, 0, 58440,
10324, 5579, 66.03663, -74.74543, 100, 1, 1, 0, 58469,
10325, 5580, 108.50636, -73.15016, 100, 1, 1, 0, 58147,
10326, 5581, 102.75023, -73.21003, 100, 1, 1, 0, 58177,
10327, 5582, 96.15441, -73.12482, 100, 1, 1, 0, 58149,
10328, 5583, 89.59489, -73.10614, 100, 1, 1, 0, 58148,
10329, 5584, 83.76264, -73.18074, 100, 1, 1, 0, 58439,
10330, 5585, 77.84444, -73.18881, 100, 1, 1, 0, 58177,
10331, 5586, 113.83773, -74.84136, 100, 1, 1, 0, 58149,
10332, 5587, 107.36418, -74.89842, 100, 1, 1, 0, 58469,
10333, 5588, 100.58161, -74.72774, 100, 1, 1, 0, 58834,
10334, 5589, 93.49012, -74.83355, 100, 1, 1, 0, 58176,
10335, 5590, 86.78369, -74.77027, 100, 1, 1, 0, 58440,
10336, 5591, 79.56503, -74.69815, 100, 1, 1, 0, 58469,
10337, 5592, 121.56719, -69.75559, 100, 1, 1, 0, 58176,
10338, 5593, 116.05424, -69.8216, 100, 1, 1, 0, 58123,
10339, 5594, 117.84244, -64.98446, 100, 1, 1, 0, 58145,
10340, 5595, 117.31768, -66.44952, 100, 1, 1, 0, 58124,
10341, 5596, 117.06897, -68.23449, 100, 1, 1, 0, 58149,
10342, 5597, 217.89809, -62.55623, 100, 2, 1, 0, 58149,58145,
10343, 5330, 164.0, 48.7333, 321, 7, 6, 0, 58213,58155,58120,58180,58206,58208,58152,
10392, 5642, 153.20747, -1.67729, 100, 25, 24, 0, 58888,58626,58592,58562,58501,58885,58913,58565,58506,58509,58919,58617,58891,58620,58481,
10393, 5642, 153.20747, -1.67729, 100, 25, 24, 0, 58894,
10394, 5643, 267.55825, -36.73665, 110, 1, 3, 0, 58297,
10396, 5644, 279.07205, -23.69639, 110, 1, 1, 0, 58590,
10397, 5644, 279.07205, -23.69639, 210, 2, 1, 0, 58591,58592,
10398, 5644, 279.07205, -23.69639, 310, 1, 1, 0, 58593,
10399, 5644, 279.07205, -23.69639, 420, 1, 1, 0, 58594,
10400, 5644, 279.07205, -23.69639, 520, 1, 1, 0, 58616,
10401, 5644, 279.07205, -23.69639, 620, 1, 1, 0, 58617,
10402, 5645, 127.97968, -39.89325, 110, 3, 3, 0, 58176,58206,58179,
10403, 5645, 127.97968, -39.89325, 210, 3, 3, 0, 58180,58207,58177,
10404, 5645, 127.97968, -39.89325, 320, 3, 3, 0, 58178,58181,58208,
10405, 5645, 127.97968, -39.89325, 420, 3, 3, 0, 58208,58185,58182,
10406, 5646, 146.68963, -53.43393, 100, 3, 3, 0, 58181,58178,58206,
10407, 5647, 144.36438, -60.26752, 110, 3, 3, 0, 58178,58206,58181,
10408, 5648, 151.12972, -55.56894, 110, 3, 3, 0, 58207,58179,58176,
10409, 5648, 151.12972, -55.56894, 210, 3, 3, 0, 58208,58180,58183,
10410, 5649, 178.13313, -62.44837, 110, 3, 3, 0, 58182,58208,58185,
10412, 5649, 178.13313, -62.44837, 210, 3, 3, 0, 58235,58207,58210,
10414, 5539, 185.6292, -66.5571, 210, 3, 3, 0, 58206,58180,58183,
10415, 5540, 186.173, -62.8563, 841, 3, 3, 0, 58564,58509,58506,
10416, 5541, 187.3732, -58.4077, 210, 3, 3, 0, 58206,58181,58178,
10417, 5541, 187.3732, -58.4077, 320, 3, 3, 0, 58215,58179,58182,
10418, 5541, 187.3732, -58.4077, 420, 3, 3, 0, 58235,58180,58183,
10419, 5650, 188.67996, -50.93324, 110, 3, 3, 0, 58618,58212,58215,
10420, 5650, 188.67996, -50.93324, 210, 3, 3, 0, 58214,58619,58235,
10421, 5542, 209.9092, -61.7233, 210, 4, 3, 0, 58215,58915,58212,58918,
10422, 5547, 268.9257, -32.862, 210, 2, 1, 0, 58183,58590,
10423, 5651, 189.67658, -68.51349, 100, 3, 3, 0, 58501,58508,58561,
10424, 5653, 132.81152, 11.50237, 100, 1, 1, 0, 58183,
10425, 5211, 94.1939, -18.7631, 100, 3, 3, 0, 58210,58213,58768,
10426, 5209, 97.5145, -31.4373, 100, 3, 3, 0, 58180,58207,58183,
10428, 5652, 189.66176, -60.85692, 100, 3, 3, 0, 58509,58560,58500,
10480, 2431, 55.910158, 68.438936, 1132, 1, 1, 0, 58762,
10529, 5669, 264.59649, -27.93711, 110, 2, 1, 0, 58708,58689,
10530, 5669, 264.59649, -27.93711, 210, 2, 1, 0, 58709,58710,
10533, 5670, 254.01321, -40.14066, 110, 2, 1, 0, 58562,58211,
10534, 5671, 258.04896, -39.76032, 100, 3, 3, 0, 58214,58241,58273,
10535, 5672, 264.04873, -39.55954, 110, 2, 1, 0, 58677,58295,
10536, 5672, 264.04873, -39.55954, 210, 2, 1, 0, 58296,58921,
10537, 5672, 264.04873, -39.55954, 310, 1, 1, 0, 58297,
10538, 5673, 255.83274, -35.03507, 110, 2, 1, 0, 58182,58593,
10539, 5673, 255.83274, -35.03507, 210, 2, 1, 0, 58185,58594,
10540, 5673, 255.83274, -35.03507, 310, 1, 1, 0, 58206,
10541, 5674, 261.67181, -32.02215, 110, 3, 1, 0, 58622,58294,58627,
10542, 5675, 255.65026, -28.53177, 110, 2, 1, 0, 58275,58563,
10543, 5676, 266.85565, -31.91299, 110, 2, 1, 0, 58656,58658,
10545, 5530, 270.30444, -30.97792, 420, 1, 1, 0, 58213,
10551, 5679, 267.09386, -23.23259, 110, 2, 1, 0, 58563,58566,
10552, 5680, 261.81121, -20.46427, 110, 2, 1, 0, 58591,58185,
10553, 5337, 261.21259, -14.12207, 200, 3, 3, 0, 58236,58272,58265,
10554, 5682, 258.31678, -42.58681, 110, 2, 1, 0, 58241,58619,
10555, 5683, 242.90226, -32.05346, 110, 2, 1, 0, 58616,58207,
10556, 5683, 242.90226, -32.05346, 210, 2, 1, 0, 58617,58208,
10557, 5683, 242.90226, -32.05346, 310, 1, 1, 0, 58209,
10558, 5684, 271.67967, -37.17623, 110, 2, 1, 0, 58298,58274,
10559, 5685, 259.27676, -30.76601, 110, 3, 1, 0, 58294,58621,58566,
10560, 5685, 259.27676, -30.76601, 210, 2, 1, 0, 58622,58644,
10562, 5293, 201.73592, -47.51123, 111, 3, 3, 0, 58273,58270,58297,
10563, 5293, 201.73592, -47.51123, 211, 3, 3, 0, 58298,58274,58271,
10564, 5293, 201.73592, -47.51123, 321, 3, 3, 0, 58272,58275,58299,
10565, 5293, 201.73592, -47.51123, 421, 4, 3, 0, 58328,58294,58324,
10566, 5293, 201.73592, -47.51123, 532, 3, 3, 0, 58295,58329,58917,
10567, 5293, 201.73592, -47.51123, 632, 3, 3, 0, 58918,58921,58330,
10568, 5293, 201.73592, -47.51123, 742, 3, 3, 0, 58923,58920,
10569, 5293, 201.73592, -47.51123, 842, 3, 3, 0, 58913,59228,58922,
10570, 5686, 283.59274, -30.62304, 110, 6, 6, 0, 58593,58621,58644,58655,58590,58616,
10571, 5686, 283.59274, -30.62304, 210, 6, 6, 0, 58660,58656,58413,58415,58418,58358,
10572, 5687, 281.70971, -30.72333, 110, 3, 3, 0, 58350,58712,58387,
10573, 5687, 281.70971, -30.72333, 210, 3, 3, 0, 58713,58769,58766,
10574, 5688, 285.33123, -31.51146, 110, 3, 3, 0, 58272,58275,58348,
10575, 5688, 285.33123, -31.51146, 210, 3, 3, 0, 58383,58274,58386,
10576, 5689, 284.09283, -28.93223, 110, 4, 3, 0, 58354,58416,58265,58322,
10577, 5689, 284.09283, -28.93223, 210, 3, 3, 0, 58355,58414,58323,
10578, 5663, 217.9885, 8.7995, 110, 6, 6, 0, 58178,58154,58181,58183,58150,58157,
10591, 5655, 241.99889, -24.38271, 100, 1, 1, 0, 58243,
10592, 5656, 243.94526, -25.12153, 100, 1, 1, 0, 58242,
10593, 5657, 246.6157, -25.04021, 100, 1, 2, 0, 58242,
10594, 5658, 245.92104, -22.58185, 100, 1, 1, 0, 58242,
10595, 5659, 243.02498, -19.06233, 100, 1, 1, 0, 58242,
10596, 5661, 121.40177, -71.52553, 100, 1, 1, 0, 58242,
10598, 5690, 112.58191, -66.65596, 100, 2, 1, 0, 58471,58262,
10599, 5691, 113.43307, -64.95413, 100, 1, 1, 0, 58243,
10600, 5692, 110.71232, -61.51795, 100, 1, 1, 0, 58242,
10601, 5693, 111.70677, -59.9025, 100, 1, 1, 0, 58243,
10602, 5680, 261.81121, -20.46427, 210, 2, 1, 0, 58592,58265,
10603, 5694, 123.27237, -19.76361, 110, 3, 3, 0, 58415,58441,58418,
10604, 5695, 127.04904, -49.10192, 110, 3, 3, 0, 58417,58414,58241,
10605, 5696, 140.19651, -41.35097, 110, 3, 3, 0, 58862,58887,58446,
10606, 5697, 145.47406, -37.00467, 110, 3, 3, 0, 58889,58892,58915,
10607, 5252, 138.3114, -48.2096, 741, 4, 3, 0, 58263,58894,58444,58447,
10608, 5252, 138.3114, -48.2096, 841, 3, 3, 0, 58264,58445,58448,
10609, 5698, 142.27208, -45.45674, 110, 3, 3, 0, 58594,58472,58442,
10610, 5698, 142.27208, -45.45674, 210, 3, 3, 0, 58618,58473,58621,
10613, 5259, 157.0004, -50.6397, 210, 3, 3, 0, 58917,58892,58920,
10614, 5267, 168.4825, -73.464, 210, 3, 3, 0, 58261,58502,58265,
10615, 5266, 182.2801, -50.1554, 210, 3, 3, 0, 58481,58503,58476,
10616, 5261, 213.9209, -67.5671, 210, 4, 3, 0, 58564,58621,58618,58595,
10617, 5260, 207.3688, -56.0367, 320, 3, 3, 0, 58592,58566,58563,
10618, 5262, 205.0701, -50.2668, 210, 3, 3, 0, 58594,58565,58618,
10619, 5700, 236.60892, -69.90226, 100, 4, 3, 0, 58621,58676,58656,58660,
10621, 5268, 230.2479, -49.9288, 210, 2, 3, 0, 58353,58714,
10622, 5351, 225.67617, -44.99249, 210, 3, 3, 0, 58920,58892,58889,
10623, 5265, 241.0415, -44.6195, 210, 3, 3, 0, 58626,58885,58681,
10625, 5369, 240.29093, -36.88303, 210, 3, 3, 0, 58644,58622,58655,
10626, 5702, 238.60861, -35.37822, 110, 2, 1, 0, 58241,58590,
10627, 5702, 238.60861, -35.37822, 210, 2, 1, 0, 58262,58591,
10628, 5702, 238.60861, -35.37822, 310, 3, 1, 0, 58921,58656,58263,
10629, 5362, 248.55509, -29.87246, 200, 3, 3, 0, 58275,58298,58272,
10630, 5703, 205.5948, 28.1849, 100, 6, 6, 0, 58262,58243,58233,58240,58181,58212,
10644, 5416, 267.0558, -24.32706, 100, 1, 1, 0, 58262,
10645, 5423, 268.37288, -21.76855, 100, 2, 1, 0, 58263,
10646, 5424, 266.2588, -35.53171, 100, 1, 1, 0, 58261,
10647, 5412, 266.21926, -25.72696, 100, 1, 1, 0, 58262,
10648, 5419, 267.85791, -23.27007, 100, 1, 1, 0, 58263,
10649, 5426, 268.08342, -34.97442, 100, 2, 1, 0, 58264,
10650, 5429, 268.76128, -33.68647, 100, 1, 1, 0, 58292,
10652, 5413, 265.30811, -24.43102, 100, 1, 1, 0, 58292,
10668, 5715, 251.16719, -19.11986, 110, 2, 1, 0, 58616,58238,
10669, 5715, 251.16719, -19.11986, 210, 2, 1, 0, 58617,58265,
10670, 5715, 251.16719, -19.11986, 310, 1, 1, 0, 58297,
10671, 5716, 277.01887, -28.38592, 110, 2, 1, 0, 58684,58685,
10672, 5716, 277.01887, -28.38592, 210, 2, 1, 0, 58688,58689,
10674, 5717, 273.56083, -26.72774, 110, 2, 1, 0, 58676,58683,
10675, 5717, 273.56083, -26.72774, 210, 2, 1, 0, 58685,58684,
10677, 5679, 267.09386, -23.23259, 210, 2, 1, 0, 58621,58644,
10679, 5718, 265.66885, -22.36972, 110, 2, 1, 0, 58272,58592,
10680, 5718, 265.66885, -22.36972, 210, 2, 1, 0, 58273,58593,
10681, 5718, 265.66885, -22.36972, 310, 2, 1, 0, 58298,58274,
10682, 5680, 261.81121, -20.46427, 310, 3, 1, 0, 58298,58271,58270,
10683, 5719, 276.25967, -16.76312, 110, 2, 1, 0, 58660,58682,
10684, 5720, 274.49509, -16.11858, 110, 2, 1, 0, 58644,58655,
10685, 5720, 274.49509, -16.11858, 210, 3, 1, 0, 58658,58657,58660,
10686, 5721, 280.38155, -13.39214, 110, 2, 1, 0, 58656,58655,
10687, 5721, 280.38155, -13.39214, 210, 2, 1, 0, 58660,58657,
10688, 5696, 140.19651, -41.35097, 200, 3, 3, 0, 58919,58893,58447,
10689, 5697, 145.47406, -37.00467, 210, 3, 3, 0, 58893,58916,58890,
10690, 5259, 157.0004, -50.63966, 320, 3, 3, 0, 58892,58913,58918,
10691, 5259, 157.0004, -50.63966, 420, 3, 3, 0, 58893,58918,58921,
10692, 5722, 161.37163, -45.43281, 110, 3, 3, 0, 58862,58889,58238,
10693, 5722, 161.37163, -45.43281, 210, 3, 3, 0, 58890,58863,58472,
10694, 5349, 174.23711, -67.88013, 210, 3, 3, 0, 58238,58501,58241,
10695, 5350, 221.06348, -73.06175, 210, 3, 3, 0, 58658,58619,58655,
10696, 5261, 213.9209, -67.56716, 320, 3, 3, 0, 58915,58706,58918,
10697, 5261, 213.9209, -67.56716, 420, 2, 3, 0, 58916,58919,
10698, 5260, 207.36887, -56.03668, 420, 3, 3, 0, 58564,58593,58617,
10699, 5353, 252.35799, -63.5813, 210, 3, 3, 0, 58238,58331,58299,
10700, 5265, 241.0415, -44.6195, 320, 3, 3, 0, 58893,58682,58886,
10701, 5265, 241.0415, -44.6195, 420, 3, 3, 0, 58923,58912,58894,
10703, 5723, 241.9719, -38.32845, 110, 3, 1, 0, 58921,58265,58561,
10704, 5723, 241.9719, -38.32845, 210, 3, 1, 0, 58562,58266,58922,
10707, 5724, 265.64018, -34.31924, 110, 2, 1, 0, 58325,58655,
10708, 5730, 242.97235, -59.77167, 110, 4, 3, 0, 58273,58238,58270,58265,
10709, 5730, 242.97235, -59.77167, 210, 4, 3, 0, 58294,58297,58266,58271,
10710, 5731, 176.20339, -14.85532, 111, 6, 6, 0, 58270,58262,58265,58290,58273,58238,
10711, 5731, 176.20339, -14.85532, 211, 6, 6, 0, 58271,58291,58264,58274,58296,58473,
10712, 5731, 176.20339, -14.85532, 321, 6, 6, 0, 58479,58474,58272,58292,58266,58275,
10713, 5731, 176.20339, -14.85532, 421, 6, 6, 0, 58500,58480,58561,58475,58293,58507,
10714, 5732, 205.38767, -16.16159, 111, 6, 6, 0, 58297,58294,58273,58238,58270,58266,
10715, 5732, 205.38767, -16.16159, 211, 6, 6, 0, 58271,58295,58561,58331,58274,58299,
10716, 5732, 205.38767, -16.16159, 321, 6, 6, 0, 58275,58272,58566,58296,58590,58562,
10717, 5732, 205.38767, -16.16159, 421, 6, 6, 0, 58619,58591,58597,58563,58616,58594,
10718, 5733, 285.46008, -36.66466, 100, 2, 2, 0, 58262,58263,
10719, 5734, 284.9309, -36.78801, 100, 2, 2, 0, 58263,58264,
10773, 5726, 197.1554, 30.4853, 100, 3, 3, 0, 58269,58238,58232,
10819, 5744, 270.88134, -27.36217, 211, 1, 1, 0, 58290,
10820, 5744, 270.88134, -27.36217, 311, 2, 1, 0, 58291,58321,
10821, 5744, 270.88134, -27.36217, 421, 1, 1, 0, 58291,
10822, 5744, 270.88134, -27.36217, 521, 2, 1, 0, 58290,58291,
10823, 5744, 270.88134, -27.36217, 621, 1, 1, 0, 58291,
10824, 5745, 262.75828, -30.75286, 111, 1, 1, 0, 58290,
10825, 5745, 262.75828, -30.75286, 211, 2, 1, 0, 58290,58291,
10826, 5745, 262.75828, -30.75286, 311, 1, 1, 0, 58291,
10827, 5745, 262.75828, -30.75286, 421, 2, 1, 0, 58291,58321,
10828, 5745, 262.75828, -30.75286, 521, 1, 1, 0, 58321,
10830, 5746, 278.42615, -23.57957, 111, 1, 1, 0, 58411,
10831, 5746, 278.42615, -23.57957, 211, 1, 1, 0, 58321,
10832, 5746, 278.42615, -23.57957, 311, 1, 1, 0, 58654,
10833, 5746, 278.42615, -23.57957, 421, 1, 1, 0, 58654,
10834, 5746, 278.42615, -23.57957, 521, 1, 1, 0, 58675,
10837, 2495, 159.8231658935547, 1.6601217985153198, 100, 2, 1, 0, 58605,58604,
10945, 5786, 241.74668, -22.93319, 100, 1, 1, 0, 58320,
10947, 5788, 244.77238, -24.24189, 100, 1, 1, 0, 58560,
10948, 5789, 245.04091, -25.85734, 100, 1, 1, 0, 58320,
10952, 5793, 242.77526, -27.72214, 100, 1, 1, 0, 58350,
10953, 5794, 70.7362, -58.32303, 100, 1, 1, 0, 58774,
10954, 5795, 75.58674, -59.87875, 100, 1, 1, 0, 58350,
10955, 5796, 68.89991, -61.66225, 100, 1, 1, 0, 58349,
10956, 5797, 65.28482, -61.64749, 100, 1, 1, 0, 58350,
10957, 5798, 66.63076, -64.94538, 100, 1, 1, 0, 58412,
10958, 5338, 283.58947, -25.70741, 200, 4, 3, 0, 58385,58381,58357,58382,
10959, 5736, 287.8718, -22.06047, 110, 3, 1, 0, 58618,58328,58621,
10960, 5736, 287.8718, -22.06047, 210, 2, 1, 0, 58644,58349,
10961, 5339, 263.78476, -10.08623, 200, 3, 3, 0, 58355,58352,58329,
10962, 5738, 273.2987, -9.51626, 110, 2, 1, 0, 58617,58328,
10963, 5738, 273.2987, -9.51626, 210, 2, 1, 0, 58618,58329,
10964, 5738, 273.2987, -9.51626, 310, 2, 1, 0, 58331,58330,
10965, 5738, 273.2987, -9.51626, 420, 1, 1, 0, 58353,
10966, 5682, 258.31678, -42.58681, 210, 3, 1, 0, 58689,58352,58707,
10968, 5684, 271.67967, -37.17623, 210, 2, 1, 0, 58660,58324,
10973, 5719, 276.25967, -16.76312, 210, 2, 1, 0, 58684,58683,
10975, 5670, 254.01321, -40.14066, 210, 2, 1, 0, 58685,58711,
10977, 5674, 261.67181, -32.02215, 210, 2, 1, 0, 58711,58330,
10978, 5675, 255.65026, -28.53177, 210, 2, 1, 0, 58707,58324,
10979, 5547, 268.92573, -32.86201, 310, 1, 1, 0, 58330,
11004, 2508, 197.26641845703125, 26.300207138061523, 100, 2, 1, 0, 58576,58575,
11028, 5472, 270.93959, -29.40852, 620, 2, 1, 0, 58412,58353,
11029, 5799, 268.23621, -18.41884, 110, 2, 1, 0, 58677,58564,
11030, 5799, 268.23621, -18.41884, 210, 2, 1, 0, 58683,58682,
11032, 5532, 272.42698, -14.87425, 210, 2, 1, 0, 58328,58773,
11033, 5800, 258.76206, -49.0149, 110, 3, 3, 0, 58381,58357,58384,
11034, 5800, 258.76206, -49.0149, 210, 3, 3, 0, 58382,58358,58385,
11035, 5800, 258.76206, -49.0149, 320, 2, 3, 0, 58383,58387,
11036, 5801, 13.49851, -26.76464, 110, 3, 3, 0, 58329,58350,58324,
11037, 5801, 13.49851, -26.76464, 210, 3, 3, 0, 58351,58325,58331,
11039, 5802, 355.67726, -10.15783, 210, 8, 6, 0, 58774,58417,59146,59143,59144,58352,59145,58803,
11128, 5777, 174.6424, 13.4369, 100, 6, 6, 0, 58837,58834,58621,58830,58855,58860,
11157, 5521, 5.07043, -77.22261, 100, 13, 12, 0, 58655,58384,58419,
11158, 5802, 355.67726, -10.15783, 110, 7, 6, 0, 58773,58675,58802,58797,58805,58674,58411,
11161, 5529, 14.38745, -71.09453, 211, 6, 3, 0, 58644,58383,
11166, 5860, 80.05918, -65.69253, 100, 2, 1, 0, 58438,58502,
11167, 5861, 74.70726, -66.72936, 100, 1, 1, 0, 58468,
11168, 5862, 77.74816, -66.87526, 100, 1, 1, 0, 58468,
11169, 5863, 81.89251, -66.89161, 100, 1, 1, 0, 58438,
11170, 5864, 84.14499, -67.51851, 100, 1, 1, 0, 58438,
11171, 5865, 76.27908, -68.35727, 100, 1, 1, 0, 58438,
11172, 5866, 79.95736, -68.12268, 100, 1, 1, 0, 58468,
11174, 5868, 81.87041, -69.36878, 100, 1, 1, 0, 58413,
11175, 5869, 83.11923, -69.21843, 100, 1, 1, 0, 59234,
11176, 5870, 72.44264, -69.22454, 100, 1, 1, 0, 58438,
11177, 5871, 77.69808, -69.75111, 100, 1, 1, 0, 58468,
11178, 5872, 74.01594, -70.61404, 100, 1, 1, 0, 58413,
11179, 5873, 20.17171, -73.08001, 100, 2, 2, 0, 58438,58413,
11180, 5874, 15.44637, -72.28764, 100, 1, 1, 0, 58413,
11181, 5875, 15.99513, -73.46246, 100, 1, 1, 0, 58413,
11182, 5876, 12.67435, -72.3229, 100, 1, 1, 0, 58438,
11183, 5877, 11.51992, -73.47818, 100, 1, 1, 0, 58413,
11184, 5878, 85.26312, -55.07878, 100, 1, 1, 0, 58773,
11185, 5879, 76.81257, -56.80224, 100, 1, 1, 0, 58773,
11186, 5880, 74.50825, -58.20825, 100, 1, 1, 0, 58411,
11187, 5881, 78.32579, -58.41181, 100, 1, 1, 0, 58440,
11188, 5882, 78.93686, -59.99512, 100, 1, 1, 0, 58774,
11189, 5883, 68.45126, -59.81489, 100, 1, 1, 0, 58439,
11190, 5884, 71.85774, -60.00321, 100, 1, 1, 0, 58469,
11191, 5885, 76.56951, -61.58682, 100, 1, 1, 0, 58773,
11192, 5886, 73.0977, -61.53998, 100, 1, 1, 0, 58774,
11193, 5887, 85.85134, -63.28986, 100, 1, 1, 0, 58439,
11194, 5888, 89.95931, -63.28166, 100, 1, 1, 0, 58411,
11195, 5889, 93.92871, -63.33397, 100, 1, 1, 0, 58774,
11196, 5890, 69.96366, -63.35762, 100, 1, 1, 0, 58439,
11197, 5891, 65.9735, -63.29877, 100, 1, 1, 0, 58440,
11198, 5892, 109.03884, -64.96753, 100, 1, 1, 0, 58468,
11199, 5893, 111.31382, -69.83599, 100, 1, 1, 0, 58469,
11200, 5894, 81.51862, -71.56785, 100, 1, 1, 0, 58471,
11201, 5895, 103.9852, -71.44414, 100, 2, 1, 0, 58440,58439,
11202, 5896, 75.85606, -71.41397, 100, 2, 1, 0, 58774,58411,
11203, 5897, 110.22872, -71.53233, 100, 1, 1, 0, 58886,
11204, 5898, 115.57237, -71.47781, 100, 1, 1, 0, 58471,
11205, 5899, 69.99162, -71.50561, 100, 1, 1, 0, 58797,
11206, 5900, 64.19231, -71.56813, 100, 1, 1, 0, 58469,
11207, 5598, 9.4224, 38.7935, 210, 3, 3, 0, 58389,58386,58417,
11408, 5938, 96.32999, 5.3102, 100, 1, 1, 0, 58798,
11409, 5917, 306.65, 41.0101, 100, 3, 1, 0, 58625,58626,58627,
11441, 5939, 98.20038, 4.27645, 200, 3, 3, 0, 59224,58474,59201,
11442, 5940, 85.90176, -70.07064, 100, 1, 1, 0, 58502,
11443, 5941, 81.78489, -70.98956, 100, 1, 1, 0, 58502,
11444, 5942, 77.20012, -71.5062, 100, 2, 1, 0, 58502,58503,
11445, 5901, 282.745, -27.9581, 100, 2, 1, 0, 58619,58627,
11490, 5960, 108.12186, -27.71059, 210, 3, 3, 0, 58825,58768,58860,
11491, 5960, 108.12186, -27.71059, 320, 3, 3, 0, 58861,58891,58887,
11492, 5475, 122.81875, -33.14427, 320, 3, 3, 0, 58861,58887,58890,
11493, 5475, 122.81875, -33.14427, 420, 3, 3, 0, 58862,58891,58888,
11494, 5477, 111.79851, -25.92839, 200, 3, 3, 0, 58803,58800,58826,
11495, 5476, 119.79518, -22.09431, 200, 3, 3, 0, 58824,58862,58594,
11496, 5961, 109.53114, -39.262, 110, 3, 3, 0, 58828,58593,58825,
11497, 5648, 151.12972, -55.56894, 320, 3, 3, 0, 58474,58500,58479,
11498, 5647, 144.36438, -60.26752, 210, 3, 3, 0, 58566,58507,58563,
11499, 5972, 108.82921, -58.2739, 100, 1, 1, 0, 58503,
11500, 5973, 108.20893, -60.08541, 100, 1, 1, 0, 58506,
11501, 5974, 103.30149, -61.65142, 100, 1, 1, 0, 58504,
11502, 5975, 114.78955, -61.70475, 100, 1, 1, 0, 58504,
11503, 5976, 109.81687, -63.37029, 100, 1, 1, 0, 58505,
11504, 5977, 114.20712, -63.30043, 100, 1, 1, 0, 58502,
11505, 5978, 104.96079, -64.81182, 100, 1, 1, 0, 58505,
11506, 5979, 111.98162, -68.15541, 100, 1, 1, 0, 58835,
11507, 5980, 100.58785, -69.8256, 100, 1, 1, 0, 58506,
11508, 5981, 95.07878, -69.78491, 100, 1, 1, 0, 58505,
11509, 5982, 89.96456, -69.86059, 100, 1, 1, 0, 58912,
11510, 5983, 84.57646, -69.85864, 100, 1, 1, 0, 58506,
11511, 5984, 68.54617, -68.17566, 100, 1, 1, 0, 58506,
11512, 5985, 105.79187, -69.71709, 100, 1, 1, 0, 58503,
11513, 5986, 79.4432, -69.84924, 100, 1, 1, 0, 58505,
11514, 5987, 74.19616, -69.84021, 100, 1, 1, 0, 58504,
11515, 5988, 98.6442, -71.52939, 100, 1, 1, 0, 58795,
11516, 5989, 92.57427, -71.44283, 100, 1, 1, 0, 58504,
11517, 5990, 87.50649, -71.51312, 100, 1, 1, 0, 58503,
11518, 5991, 69.0363, -69.94555, 100, 1, 1, 0, 58504,
11581, 5960, 108.12186, -27.71059, 420, 3, 3, 0, 58890,58888,58862,
11582, 5961, 109.53114, -39.262, 210, 3, 3, 0, 58826,58859,58829,
11583, 5992, 119.15645, -5.03137, 100, 3, 3, 0, 58476,58507,58480,
11584, 5993, 119.08105, -52.31095, 110, 3, 3, 0, 58501,58480,58475,
11585, 5993, 119.08105, -52.31095, 210, 3, 3, 0, 58566,58508,58476,
11586, 5694, 123.27237, -19.76361, 210, 3, 3, 0, 58563,58566,58508,
11587, 5694, 123.27237, -19.76361, 320, 3, 3, 0, 58799,58509,58802,
11588, 5694, 123.27237, -19.76361, 420, 3, 3, 0, 58801,58827,58804,
11589, 5695, 127.04904, -49.10192, 200, 3, 3, 0, 58826,58800,58803,
11590, 5994, 133.65132, -26.17088, 110, 3, 3, 0, 58859,58804,58823,
11591, 5994, 133.65132, -26.17088, 210, 3, 3, 0, 58805,58889,58824,
11592, 5962, 64.5, 29.2, 100, 4, 3, 0, 58854,58499,58744,58503,
11621, 5996, 161.15234, -59.82986, 100, 2, 2, 0, 58626,58560,
11622, 5997, 161.63592, -59.83055, 100, 2, 2, 0, 58883,58654,
11623, 5790, 245.94194, -28.15228, 100, 1, 1, 0, 58884,
11624, 5791, 247.10623, -26.64004, 100, 1, 1, 0, 58598,
11627, 5999, 240.51565, -21.37962, 100, 1, 1, 0, 58565,
11628, 6000, 243.02506, -22.284, 100, 1, 1, 0, 58565,
11629, 6001, 240.09397, -18.80999, 100, 1, 1, 0, 58913,
11639, 6006, 170.0305, 17.4326, 100, 6, 6, 0, 58857,58828,58618,58861,58829,58854,
11723, 6018, 256.55435, -26.46171, 111, 1, 1, 0, 58675,
11724, 6018, 256.55435, -26.46171, 211, 1, 1, 0, 58654,
11725, 6018, 256.55435, -26.46171, 311, 1, 1, 0, 58654,
11726, 6018, 256.55435, -26.46171, 421, 1, 1, 0, 58654,
11727, 6018, 256.55435, -26.46171, 521, 1, 1, 0, 58674,
11729, 5621, 112.9791, 59.548, 210, 3, 3, 0, 58532,58776,58563,
11735, 6020, 202.93851, -33.70651, 210, 3, 3, 0, 58644,58621,58617,
11736, 6021, 185.03819, -22.81401, 110, 4, 3, 0, 58592,58564,58616,58595,
11737, 6021, 185.03819, -22.81401, 210, 3, 3, 0, 58593,58565,58597,
11738, 6022, 147.79496, -20.2257, 110, 3, 3, 0, 58561,58564,58590,
11739, 6022, 147.79496, -20.2257, 210, 3, 3, 0, 58565,58562,58591,
11740, 6023, 91.18948, -47.44571, 110, 3, 3, 0, 58564,58561,58590,
11741, 6023, 91.18948, -47.44571, 210, 3, 3, 0, 58565,58562,58591,
11742, 2644, 124.10721588134766, 39.087284088134766, 100, 1, 1, 0, 58543,
11786, 5647, 144.36438, -60.26752, 420, 3, 3, 0, 58860,58627,58863,
11787, 5648, 151.12972, -55.56894, 420, 4, 3, 0, 58886,58829,58860,58863,
11788, 5348, 180.43181, -56.21144, 210, 3, 3, 0, 58859,58627,58622,
11789, 5539, 185.62926, -66.55713, 320, 3, 3, 0, 58912,58915,59225,
11790, 5539, 185.62926, -66.55713, 420, 3, 3, 0, 58913,59226,58916,
11791, 5542, 209.90918, -61.72333, 320, 3, 3, 0, 59229,58917,58920,
11792, 5542, 209.90918, -61.72333, 420, 4, 3, 0, 58919,59230,58922,58923,
11793, 5354, 257.29468, -60.47323, 210, 3, 3, 0, 58677,58681,58706,
11794, 5356, 262.36727, -56.32082, 210, 3, 3, 0, 58681,58677,58706,
11797, 5357, 263.91882, -51.19541, 210, 3, 3, 0, 58685,58682,58708,
11799, 5724, 265.64018, -34.31924, 210, 3, 2, 0, 58711,58708,58710,
11803, 6046, 258.42439, -18.11216, 110, 2, 2, 0, 58681,58684,
11804, 6046, 258.42439, -18.11216, 210, 2, 2, 0, 58688,58689,
11806, 5684, 271.67967, -37.17623, 310, 2, 2, 0, 59145,58775,
11807, 6047, 276.28562, -39.05341, 110, 2, 2, 0, 58685,58706,
11808, 6047, 276.28562, -39.05341, 210, 2, 2, 0, 58707,58714,
11809, 6047, 276.28562, -39.05341, 310, 2, 2, 0, 59147,59146,
11810, 5370, 273.48528, -43.44287, 200, 3, 3, 0, 58706,58683,58677,
11811, 6048, 275.6462, -22.24781, 110, 2, 2, 0, 58714,58713,
11812, 6048, 275.6462, -22.24781, 210, 2, 2, 0, 58768,58767,
11814, 5719, 276.25967, -16.76312, 310, 1, 2, 0, 58774,
11817, 5340, 285.8607, -21.36227, 200, 3, 3, 0, 58689,58766,58710,
11818, 5736, 287.8718, -22.06047, 310, 2, 2, 0, 58712,58711,
11819, 5344, 287.9277, -16.82108, 210, 4, 3, 0, 58709,58714,58769,58688,
11820, 5469, 288.18282, -11.55034, 210, 3, 2, 0, 58681,58682,
11823, 2689, 248.5023193359375, 28.116430282592773, 100, 4, 1, 0, 58617,58607,58631,58612,
11848, 6049, 258.86431, -28.87474, 521, 1, 1, 0, 58675,
11850, 6050, 272.84976, -31.58186, 111, 1, 1, 0, 58675,
11852, 6050, 272.84976, -31.58186, 311, 1, 1, 0, 58675,
11856, 6043, 114.5958, 21.0, 100, 7, 6, 0, 58778,
11874, 6051, 133.21537, -50.79037, 210, 3, 3, 0, 59162,59156,58921,
11875, 6052, 134.11865, -45.35883, 110, 3, 3, 0, 58823,58860,58827,
11876, 6052, 134.11865, -45.35883, 210, 3, 3, 0, 58887,58884,58861,
11877, 6053, 237.12993, -49.64083, 110, 3, 3, 0, 58915,58882,58885,
11878, 6053, 237.12993, -49.64083, 210, 3, 3, 0, 58889,58886,58916,
11879, 6053, 237.12993, -49.64083, 320, 3, 3, 0, 58888,58917,58891,
11880, 6053, 237.12993, -49.64083, 420, 3, 3, 0, 58918,58893,58890,
11881, 6054, 245.57583, -55.12164, 110, 3, 3, 0, 58917,58887,58890,
11882, 6054, 245.57583, -55.12164, 210, 3, 3, 0, 58919,58888,58892,
11885, 6055, 252.10022, -26.09389, 110, 2, 2, 0, 58683,58682,
11886, 6055, 252.10022, -26.09389, 210, 2, 2, 0, 58684,58685,
11887, 6055, 252.10022, -26.09389, 310, 2, 2, 0, 58917,58916,
11892, 6056, 323.83392, -56.78637, 110, 3, 3, 0, 58684,58681,58655,
11893, 6056, 323.83392, -56.78637, 210, 3, 3, 0, 58656,58682,58688,
11895, 6057, 323.96941, -15.69634, 210, 3, 3, 0, 58713,58768,
11896, 6058, 342.06501, -24.39732, 110, 3, 3, 0, 58689,58709,58683,
11897, 6058, 342.06501, -24.39732, 210, 3, 3, 0, 58706,58767,58710,
11898, 6059, 356.47222, -17.9756, 110, 4, 3, 0, 58707,58711,58801,58766,
11899, 6059, 356.47222, -17.9756, 210, 4, 3, 0, 58800,58708,58769,58714,
11900, 6061, 12.60715, -21.81636, 110, 3, 3, 0, 58767,58713,58708,
11901, 6061, 12.60715, -21.81636, 210, 3, 3, 0, 58799,58714,58768,
11902, 6062, 17.51088, -8.87768, 110, 5, 3, 0, 58707,58683,58657,58676,58800,
11903, 6062, 17.51088, -8.87768, 210, 5, 3, 0, 58681,58713,58768,58708,58677,
11904, 6063, 34.99064, -6.70663, 110, 3, 3, 0, 58708,58682,58688,
11905, 6063, 34.99064, -6.70663, 210, 3, 3, 0, 58710,58684,58689,
11906, 6064, 40.54979, -6.11206, 110, 3, 3, 0, 58709,58706,58767,
11907, 6064, 40.54979, -6.11206, 210, 3, 3, 0, 58799,58768,58712,
11910, 6066, 330.48617, -46.82648, 100, 1, 1, 0, 58654,
11911, 6067, 334.76636, -48.26731, 100, 1, 1, 0, 58797,
11912, 6069, 348.98762, -52.80418, 100, 1, 1, 0, 58796,
11913, 6070, 356.0212, -51.31131, 100, 1, 1, 0, 58795,
11914, 6071, 2.75442, -51.64302, 100, 1, 1, 0, 58804,
11915, 6068, 336.53181, -50.1958, 100, 1, 1, 0, 58794,
11916, 6072, 243.6983, 67.8163, 100, 1, 1, 0, 58649,
11933, 6123, 2.64649, -20.5784, 210, 3, 3, 0, 58824,58803,58796,
11934, 5469, 288.18282, -11.55034, 210, 3, 3, 0, 58709,
11935, 5696, 140.19651, -41.35097, 210, 3, 3, 0, 58891,58917,58894,
11936, 5695, 127.04904, -49.10192, 210, 3, 3, 0, 58802,58805,58828,
11937, 6124, 242.28453, -51.84383, 100, 3, 24, 0, 58707,58914,58709,
11939, 2701, 192.9100341796875, 27.14148712158203, 100, 4, 1, 0, 58853,58854,58855,58856,
11989, 6126, 82.67215, -55.67836, 100, 9, 4, 0, 59169,59158,58775,59181,59149,58833,59175,59172,59178,
11990, 6127, 111.0532, -79.12057, 100, 10, 4, 0, 59174,58798,58833,
11991, 6127, 111.0532, -79.12057, 100, 10, 4, 0, 59157,59171,59158,59160,59177,59168,58833,
11992, 6128, 50.48623, -77.19889, 100, 9, 3, 0, 58798,58775,59180,59183,59174,59184,59177,59187,59146,
11993, 6129, 85.20217, -86.29887, 100, 10, 3, 0, 59188,59191,58775,59169,59164,58798,59172,59175,
11994, 6129, 85.20217, -86.29887, 100, 10, 3, 0, 58798,58805,
11995, 6130, 26.88145, -84.1873, 100, 11, 3, 0, 58795,58798,58775,
11996, 6130, 26.88145, -84.1873, 100, 11, 3, 0, 58775,58798,59181,59177,59166,59193,58833,59174,
11997, 6131, 78.02826, -63.30826, 100, 1, 1, 0, 58796,
11998, 6132, 73.80754, -63.25206, 100, 1, 1, 0, 58795,
11999, 6133, 75.02406, -64.97759, 100, 1, 1, 0, 58797,
12000, 6134, 70.67035, -64.88519, 100, 1, 1, 0, 58794,
12001, 6135, 76.61786, -66.58962, 100, 1, 1, 0, 58795,
12002, 6136, 108.002, -66.52538, 100, 1, 1, 0, 58797,
12003, 6137, 97.20866, -68.13024, 100, 1, 1, 0, 59194,
12004, 6138, 92.38778, -68.22588, 100, 1, 1, 0, 58796,
12005, 6139, 72.08041, -66.48075, 100, 1, 1, 0, 58802,
12006, 6140, 67.43042, -66.48134, 100, 1, 1, 0, 58796,
12007, 6141, 107.27612, -68.17547, 100, 1, 1, 0, 58794,
12008, 6142, 102.07912, -68.1509, 100, 1, 1, 0, 58794,
12009, 6143, 82.48737, -68.24614, 100, 1, 1, 0, 58795,
12010, 6144, 77.66514, -68.24775, 100, 1, 1, 0, 58795,
12011, 6145, 72.91192, -68.27065, 100, 1, 1, 0, 58794,
12012, 6146, 85.73015, -66.53825, 100, 1, 1, 0, 58796,
12013, 6147, 87.76376, -68.11398, 100, 1, 1, 0, 58797,
12014, 6148, 89.92577, -66.60514, 100, 1, 1, 0, 58886,
12017, 6151, 102.32835, -23.6564, 110, 3, 3, 0, 58799,58802,58766,
12018, 6151, 102.32835, -23.6564, 210, 3, 3, 0, 58861,58767,58888,
12019, 6152, 105.69554, -21.2194, 110, 3, 3, 0, 58888,58863,58891,
12020, 6152, 105.69554, -21.2194, 210, 3, 3, 0, 58892,58889,58915,
12025, 6057, 323.96941, -15.69634, 110, 3, 3, 0, 58712,58767,58799,
12026, 6057, 323.96941, -15.69634, 210, 3, 3, 0, 58800,
12027, 2431, 55.910158, 68.438936, 2373, 3, 1, 0, 58877,
12096, 7001, 91.57083, -54.90729, 100, 1, 1, 0, 58834,
12097, 7002, 88.47634, -55.09366, 100, 1, 1, 0, 59201,
12098, 7003, 103.15838, -56.72276, 100, 2, 1, 0, 58834,58861,
12099, 7004, 99.91997, -56.72397, 100, 1, 1, 0, 58885,
12100, 7005, 96.57915, -56.65441, 100, 1, 1, 0, 59180,
12101, 7006, 93.10999, -56.73116, 100, 1, 1, 0, 58835,
12102, 7007, 86.82249, -56.6219, 100, 1, 1, 0, 59187,
12103, 7008, 83.44513, -56.6031, 100, 1, 1, 0, 59146,
12104, 7009, 79.98296, -56.68785, 100, 1, 1, 0, 58803,
12105, 7010, 101.99177, -58.27074, 100, 1, 1, 0, 59187,
12106, 7011, 98.5901, -58.34913, 100, 1, 1, 0, 58884,
12107, 7012, 95.2412, -58.35207, 100, 1, 1, 0, 58827,
12108, 7013, 91.77766, -58.30488, 100, 2, 1, 0, 58823,58824,
12109, 7014, 88.37557, -58.30306, 100, 1, 1, 0, 59180,
12110, 7015, 85.01538, -58.29443, 100, 1, 1, 0, 58835,
12111, 7016, 81.39049, -58.19405, 100, 1, 1, 0, 58834,
12112, 7017, 100.95118, -60.0074, 100, 1, 1, 0, 58834,
12113, 7018, 97.10507, -59.94165, 100, 1, 1, 0, 58829,
12114, 7019, 93.66597, -59.93732, 100, 1, 1, 0, 58825,
12117, 7022, 95.46846, -61.60286, 100, 1, 1, 0, 58826,
12118, 7023, 88.19708, -61.69701, 100, 1, 1, 0, 58884,
12120, 7025, 80.5622, -61.61613, 100, 1, 1, 0, 59223,
12121, 7026, 81.82149, -63.30498, 100, 1, 1, 0, 59234,
12122, 7027, 87.74071, -64.92988, 100, 1, 1, 0, 59232,
12123, 7028, 83.91336, -64.99977, 100, 1, 1, 0, 59202,
12124, 7029, 79.40613, -64.89777, 100, 1, 1, 0, 58825,
12125, 7030, 80.92795, -66.65251, 100, 1, 1, 0, 58828,
12126, 7031, 39.747739, -34.376434, 100, 25, 24, 0, 59143,58804,58801,59144,
12127, 7031, 39.747739, -34.376434, 100, 25, 24, 0, 58828,58823,58826,59145,59147,58829,
12128, 6169, 53.6793, 22.4959, 100, 2, 1, 0, 58775,58776,
12189, 6158, 108.14573, -59.55646, 100, 2, 3, 0, 58857,58831,
12190, 6159, 104.0261, -60.37462, 100, 4, 4, 0, 58831,58858,58857,58855,
12191, 6160, 96.27187, -62.01948, 100, 3, 4, 0, 58830,58858,58832,
12192, 6161, 115.46605, -64.02008, 100, 6, 6, 0, 59207,58830,59201,58832,
12193, 6161, 115.46605, -64.02008, 100, 6, 6, 0, 58857,58858,
12194, 6162, 101.12307, -65.7573, 100, 2, 3, 0, 58856,58831,
12195, 6163, 73.83225, -66.93463, 100, 4, 4, 0, 58830,58857,58855,58832,
12196, 6164, 100.1607, -68.02455, 100, 4, 4, 0, 58857,58855,58830,58832,
12197, 6165, 83.93318, -69.04433, 100, 4, 4, 0, 58857,58855,58832,58830,
12198, 6166, 78.39918, -69.70951, 100, 6, 3, 0, 58827,58831,58824,58856,58858,58797,
12199, 6167, 72.86036, -69.19526, 100, 6, 3, 0, 58825,58794,58830,58831,58832,58796,
12200, 6210, 133.043, 11.8252, 110, 6, 6, 0, 58802,58835,58829,58861,58856,58881,
12222, 7033, 104.59441, -59.96272, 100, 1, 1, 0, 58829,
12223, 7034, 99.50161, -61.53339, 100, 1, 1, 0, 58835,
12224, 7035, 101.89746, -63.20609, 100, 1, 1, 0, 58824,
12225, 7036, 98.07924, -63.20776, 100, 1, 1, 0, 58828,
12226, 7037, 106.08305, -63.22327, 100, 1, 1, 0, 58834,
12227, 7038, 100.59032, -64.86709, 100, 1, 1, 0, 58804,
12228, 7039, 92.17133, -64.96435, 100, 1, 1, 0, 58803,
12229, 7040, 94.59283, -66.5322, 100, 1, 1, 0, 58805,
12230, 7041, 98.78679, -66.58112, 100, 1, 1, 0, 58803,
12231, 7042, 76.46677, -71.21741, 100, 24, 24, 0, 58801,59151,58826,59152,59145,58859,58823,59153,58804,59144,59155,58829,59156,59154,
12232, 6200, 70.3193, 25.5851, 100, 1, 1, 0, 58805,
12274, 7043, 83.71766, -5.55237, 200, 2, 2, 0, 58883,58882,
12275, 7044, 134.78176, -43.31678, 100, 2, 1, 0, 58883,58882,
12276, 7045, 134.43072, -43.54588, 100, 2, 2, 0, 58882,58883,
12277, 7046, 154.59458, 4.83453, 100, 1, 1, 0, 59232,
12282, 7051, 162.78856, 0.78606, 100, 1, 1, 0, 59229,
12283, 7052, 154.80752, 7.71332, 100, 1, 1, 0, 58920,
12284, 7053, 155.45166, 10.25531, 100, 1, 1, 0, 58921,
12285, 7054, 157.79491, 7.18382, 100, 1, 1, 0, 59199,
12286, 7055, 158.17327, 10.2698, 100, 1, 1, 0, 59212,
12287, 7056, 158.54822, 12.9183, 100, 1, 1, 0, 59214,
12288, 7057, 160.62982, 6.92046, 100, 1, 1, 0, 59206,
12289, 7058, 161.03934, 9.73112, 100, 1, 1, 0, 59213,
12290, 7059, 161.41025, 12.46725, 100, 1, 1, 0, 59210,
12291, 7060, 163.60289, 6.55201, 100, 1, 1, 0, 59229,
12292, 7061, 164.02132, 9.26625, 100, 1, 1, 0, 59211,
12293, 7062, 164.13939, 12.20666, 100, 1, 1, 0, 59230,
12294, 7063, 165.99355, 2.96451, 100, 1, 1, 0, 58912,
12295, 7064, 90.12367, -56.67793, 100, 1, 1, 0, 58884,
12296, 7065, 90.15555, -59.99732, 100, 1, 1, 0, 58886,
12297, 7066, 92.04026, -61.62363, 100, 1, 1, 0, 58912,
12298, 7067, 107.04896, -61.62517, 100, 1, 1, 0, 58884,
12299, 7068, 96.39362, -64.86897, 100, 1, 1, 0, 58885,
12300, 7069, 103.65958, -66.4784, 100, 2, 1, 0, 58885,58912,
12304, 7031, 39.747739, -34.376434, 100, 25, 24, 0, 59235,59154,59149,59148,59157,59151,58893,58887,58890,58860,59152,58863,59150,59156,59155,
12305, 5950, 346.939, -8.4589, 100, 1, 1, 0, 58820,
12357, 7071, 160.54833, -59.5016, 100, 2, 2, 0, 59187,58914,
12358, 7072, 161.33551, -60.43674, 100, 1, 2, 0, 58914,
12359, 7127, 180.57898, -5.83778, 100, 1, 1, 0, 59232,
12360, 7128, 181.09861, -3.15739, 100, 1, 1, 0, 59235,
12367, 7135, 188.6588, -10.05191, 100, 1, 1, 0, 59231,
12368, 7136, 181.59596, -0.10834, 100, 1, 1, 0, 59232,
12369, 7137, 184.22639, -0.95347, 100, 1, 1, 0, 59233,
12378, 7146, 199.31676, -7.58997, 100, 1, 1, 0, 59234,
12385, 7042, 76.46677, -71.21741, 100, 24, 24, 0, 58918,58915,
12393, 6240, 177.7022, 6.6099, 100, 1, 1, 0, 58896,
12715, 7197, 283.98929, -30.91519, 100, 2, 3, 0, 59151,59153,
12716, 7198, 325.5023, -31.26117, 110, 3, 3, 0, 59161,59162,59172,
12717, 7198, 325.5023, -31.26117, 210, 1, 3, 0, 59173,
12720, 7200, 334.601, -27.2948, 110, 1, 3, 0, 59181,
12722, 7042, 76.46677, -71.21741, 100, 24, 24, 0, 59182,59168,59193,59150,59197,59189,59164,59186,
12733, 7201, 291.76566, -18.50023, 110, 1, 3, 0, 59160,
12739, 7204, 12.94572, 10.01465, 100, 1, 1, 0, 59158,
12740, 7205, 16.35393, 5.58983, 100, 1, 1, 0, 59175,
12741, 7206, 19.18565, 10.2511, 100, 1, 1, 0, 59195,
12742, 7207, 17.85148, 2.79162, 100, 1, 1, 0, 59176,
12743, 7208, 17.73431, -0.99416, 100, 1, 1, 0, 59192,
12744, 7209, 22.73617, 6.29003, 100, 1, 1, 0, 59198,
12746, 7211, 24.67466, -77.18711, 100, 12, 12, 0, 59176,59185,59188,59165,59164,59182,59186,59167,59170,59166,59148,59179,
12747, 7212, 15.99625, -65.16202, 100, 12, 12, 0, 59155,59158,59148,59154,59152,59151,59157,59147,59156,59159,59150,59149,
12749, 7020, 86.30582, -59.92378, 100, 1, 1, 0, 59200,
12750, 7021, 82.77113, -59.98991, 100, 1, 1, 0, 59194,
12751, 7024, 84.22976, -61.73029, 100, 1, 1, 0, 59180,
12757, 7191, 283.52348, -22.93317, 111, 1, 1, 0, 59152,
12758, 7213, 29.4208, 37.785, 111, 3, 3, 0, 59072,59069,59071,
12775, 7217, 23.42496, -74.80576, 100, 12, 12, 0, 59179,59160,59170,59173,59188,59162,59195,59191,59163,59182,59176,59157,
12776, 7218, 359.4593, -73.03813, 100, 12, 12, 0, 59157,59156,59158,59160,59154,59164,59155,59147,59165,59166,59162,59159,
12777, 7219, 91.57639, -66.40959, 100, 9, 9, 0, 59202,59198,59172,59210,59213,59205,59178,59195,59190,
12778, 7210, 93.28221, -69.50732, 100, 8, 9, 0, 59167,59184,59232,59166,59181,59185,59170,59174,
12779, 7221, 78.57298, -74.51427, 100, 9, 9, 0, 59212,59223,59170,59174,59183,59220,59217,59186,59177,
12780, 7222, 68.40427, -67.63092, 100, 9, 9, 0, 59205,59171,59182,59185,59179,59176,59168,59219,59199,
12781, 7223, 68.1604, -71.72955, 100, 9, 9, 0, 59190,59227,59204,59207,59186,59178,59164,59165,59163,
12782, 7224, 107.62915, -73.83744, 100, 9, 9, 0, 59179,59191,59164,59166,59195,59163,59165,59211,59176,
12783, 7225, 85.87865, -79.32839, 100, 9, 9, 0, 59192,59165,59211,59163,59214,59204,59195,59207,59176,
12784, 7226, 98.35138, -63.5458, 100, 6, 9, 0, 59172,59178,59186,59169,59175,59181,
12785, 7227, 63.92283, -62.61964, 100, 9, 9, 0, 59181,59174,59171,59189,59185,59166,59196,59177,59192,
12786, 7228, 78.22209, -67.74342, 100, 9, 9, 0, 59154,59153,59156,59160,59151,59173,59162,59155,59152,
12787, 7229, 327.87804, -20.44521, 110, 3, 3, 0, 59170,59167,59163,
12788, 7229, 327.87804, -20.44521, 210, 2, 3, 0, 59168,59171,
12789, 7230, 329.59668, -27.80133, 110, 3, 3, 0, 59189,59169,59172,
12790, 7230, 329.59668, -27.80133, 210, 2, 3, 0, 59171,59191,
12791, 7231, 331.7975, -35.0573, 110, 3, 3, 0, 59168,59178,59175,
12792, 7231, 331.7975, -35.0573, 210, 1, 3, 0, 59169,
12793, 7232, 337.98036, -25.84051, 110, 3, 3, 0, 59162,59160,59178,
12794, 7232, 337.98036, -25.84051, 210, 1, 3, 0, 59179,
12795, 7233, 345.62108, -23.58097, 110, 1, 3, 0, 59199,
12796, 7233, 345.62108, -23.58097, 210, 2, 3, 0, 59200,59201,
12799, 7235, 357.22954, -11.08027, 110, 3, 3, 0, 59163,59196,59184,
12800, 7235, 357.22954, -11.08027, 210, 2, 3, 0, 59203,59197,
12805, 7238, 7.65683, -14.56596, 110, 2, 3, 0, 59204,59207,
12806, 7238, 7.65683, -14.56596, 210, 1, 3, 0, 59206,
12809, 7240, 21.21692, -7.28388, 110, 2, 3, 0, 59214,59211,
12810, 7240, 21.21692, -7.28388, 210, 2, 3, 0, 59212,59203,
12817, 7244, 74.09838, -60.66345, 100, 9, 9, 0, 59205,59231,59222,59227,59219,59202,59198,59235,59183,
12818, 7245, 96.22732, -65.50837, 100, 10, 9, 0, 59183,59217,59186,59184,59212,59188,59220,59185,59182,59191,
12819, 7246, 71.99976, -64.9428, 100, 9, 9, 0, 59188,59210,59183,59196,59203,59191,59206,59213,59199,
12820, 7247, 82.9998, -66.3554, 100, 8, 9, 0, 59233,59210,59207,59196,59190,59230,59204,59226,
12821, 7248, 66.29709, -65.56193, 100, 9, 9, 0, 59222,59214,59196,59233,59199,59217,59211,59226,59230,
12822, 7249, 103.61283, -67.34022, 100, 9, 9, 0, 59234,59192,59196,59225,59228,59214,59213,59218,59231,
12823, 7250, 91.63599, -73.02256, 100, 9, 9, 0, 59188,59197,59221,59200,59218,59182,59225,59203,59206,
12824, 7251, 60.54893, -74.9617, 100, 9, 9, 0, 59228,59218,59212,59221,59225,59197,59206,59200,59192,
12825, 7252, 132.93287, 11.94513, 100, 29, 36, 0, 59201,59197,59210,59202,59198,59199,59200,59190,59195,
12826, 7252, 132.93287, 11.94513, 100, 29, 36, 0, 59219,59207,59213,59223,59225,59227,59214,59217,59218,59226,59211,59224,59220,59221,59204,59212,59206,59205,59203,59222,
12828, 5293, 201.73592, -47.51123, 421, 4, 3, 0, 59235,
12829, 5293, 201.73592, -47.51123, 742, 3, 3, 0, 59227,
12830, 5229, 78.28821, -40.06581, 320, 3, 3, 0, 59225,59220,59217,
12831, 5229, 78.28821, -40.06581, 420, 3, 3, 0, 59221,59218,59226,
12832, 5295, 138.6144, -65.05472, 320, 3, 3, 0, 59230,59227,59233,
12833, 5295, 138.6144, -65.05472, 420, 3, 3, 0, 59231,59235,59228,
12834, 5294, 81.06153, -24.36794, 320, 3, 3, 0, 59219,59227,59222,
12835, 5294, 81.06153, -24.36794, 420, 2, 3, 0, 59231,59228,
12836, 7253, 102.35549, -36.0852, 110, 2, 3, 0, 59228,59232,
12837, 7253, 102.35549, -36.0852, 210, 2, 3, 0, 59230,59233,
12838, 7254, 201.43613, -47.81903, 110, 1, 1, 0, 59217,
12839, 7254, 201.43613, -47.81903, 210, 1, 1, 0, 59218,
12840, 7254, 201.43613, -47.81903, 310, 1, 1, 0, 59219,
12841, 7254, 201.43613, -47.81903, 420, 1, 1, 0, 59220,
12842, 7254, 201.43613, -47.81903, 520, 1, 1, 0, 59221,
12843, 7254, 201.43613, -47.81903, 620, 1, 1, 0, 59222,
4914, 4248, 299.71143, 21.850976, -100, 2, 3, 0, 55816,55807,
